I,I,I,I,W,W,W,B,B,B,B,B,B,B,B,B,B,W,W,W,W,W,W,W
I,I,I,I,W,W,W,B,B,B,B,B,B,B,B,B,B,W,W,W,W,W,W,W
I,I,I,I,W,W,W,BL,B,B,B,B,B,B,B,B,BR,W,W,W,W,W,W,W
I,I,I,I,W,W,W,BL,B,B,B,B,B,B,B,B,BR,W,W,W,W,W,W,W
I,I,I,I,W,W,W,B,B,B,B,B,B,B,B,B,B,W,W,W,W,W,W,W
I,I,I,I,W,W,W,B,B,B,B,B,B,B,B,B,B,W,W,WD,W,W,W,W
I,I,ID,I,W,W,W,W,W,W,B,B,B,B,W,W,W,W,W,W,W,W,W,W
W,W,W,W,W,W,W,W,W,W,B,B,B,B,W,W,W,W,W,W,W,WL,W,W
W,W,W,W,W,W,W,W,W,W,B,BD,BD,B,W,W,W,W,W,W,W,W,W,W
T,T,W,W,W,W,W,W,W,W,W,W,W,W,W,W,W,W,W,W,W,W,W,W
T,T,W,W,W,W,W,W,W,W,X,X,X,X,W,W,W,W,W,W,W,W,W,W
T,TR,W,W,W,W,W,W,W,W,X,X,X,X,W,W,W,W,W,F,F,F,F,F
T,T,W,W,W,W,W,W,W,W,X,X,X,X,W,W,W,W,W,F,F,F,F,F
T,T,W,W,W,L,L,W,W,W,X,X,X,X,W,W,W,W,W,FL,F,F,F,F
T,T,W,W,W,LL,LR,W,W,W,W,W,W,W,W,W,W,W,W,F,F,F,F,F
W,W,W,W,W,L,L,W,W,W,W,V,V,V,V,W,W,W,W,F,F,F,F,F
W,W,W,W,W,L,L,W,W,W,W,VL,V,V,V,W,W,W,W,W,W,W,W,W
O,O,OU,O,W,L,L,W,W,W,W,V,V,V,V,W,W,W,W,W,W,W,W,W
O,O,O,O,W,L,L,W,V,VU,V,V,V,V,V,W,W,W,KL,K,K,K,K,K
O,O,O,O,W,L,L,W,V,V,V,V,V,V,V,W,W,W,K,K,K,K,K,K
O,O,O,O,W,L,L,W,V,V,V,V,V,V,V,W,W,W,K,K,K,K,K,K
O,O,O,O,W,L,L,W,V,V,V,V,V,V,V,W,W,W,K,K,K,K,K,K
O,O,O,O,W,L,L,W,V,V,V,V,V,V,V,W,W,W,K,K,K,K,K,K
O,O,O,O,W,L,L,W,V,V,V,V,V,V,V,W,W,W,K,K,K,K,K,K
O,O,O,O,W,L,L,W,V,V,V,V,V,V,V,W,W,W,K,K,K,K,K,K

